{"cameraMode":{"drawMode":0,"name":"Shaded","section":"Shading Mode"},"sceneLighting":false,"audioPlay":false,"sceneViewState":{"m_AlwaysRefresh":false,"showFog":true,"showSkybox":false,"showFlares":true,"showImageEffects":true,"showParticleSystems":true,"showVisualEffectGraphs":true,"m_FxEnabled":true},"in2DMode":false,"pivot":{"x":55.8953971862793,"y":67.38312530517578,"z":-19.045761108398439},"rotation":{"x":0.015042831189930439,"y":-0.9008445739746094,"z":0.43282145261764529,"w":0.031369276344776157},"size":0.5678905844688416,"orthographic":false}