{"cameraMode":{"drawMode":0,"name":"Shaded","section":"Shading Mode"},"sceneLighting":true,"audioPlay":false,"sceneViewState":{"m_AlwaysRefresh":false,"showFog":true,"showSkybox":true,"showFlares":true,"showImageEffects":true,"showParticleSystems":true,"showVisualEffectGraphs":true,"m_FxEnabled":true},"in2DMode":false,"pivot":{"x":736.175048828125,"y":446.65045166015627,"z":83.5479736328125},"rotation":{"x":-0.002394265029579401,"y":0.009593051858246327,"z":-0.000051712871936615556,"w":-0.9999796748161316},"size":696.8532104492188,"orthographic":false}